{
  "model_a": {
    "f1_macro": 0.3487963511230518,
    "auroc": 0.861567695070624,
    "f1_per_class": [
      0.8571428571428571,
      0.4012539184952978,
      0.3890784982935153,
      0.37037037037037035,
      0.42372881355932207,
      0.0,
      0.0
    ],
    "ood_rate": 4.5841519318926,
    "n_train_gp": 2000,
    "n_features": 104,
    "pca_components": 50,
    "variance_retained": 0.982413649559021,
    "unc_correct": 0.774372320680841,
    "unc_wrong": 1.280643433113179,
    "description": "GLCM+LBP+HSV \u2192 StandardScaler \u2192 PCA(50) \u2192 GP (OVR) + IsoForest"
  },
  "model_b": {
    "f1_macro": 0.5686794341294646,
    "auroc": 0.9164795031215223,
    "ece": 0.08903218430695804,
    "ood_rate": 5.50098231827112,
    "f1_per_class": [
      0.7452657299938913,
      0.466887417218543,
      0.5580357142857143,
      0.6390532544378699,
      0.46601941747572817,
      0.676923076923077,
      0.42857142857142855
    ],
    "unc_correct": 0.0018802207716104786,
    "unc_wrong": 0.0036173983391430023,
    "description": "EfficientNet-B3 + MCDropout + Evidential + Temperature Scaling + Mahalanobis OOD"
  },
  "model_c": {
    "f1_macro": 0.5686794341294646,
    "auroc": 0.9164795031215223,
    "ece": 0.08903218430695804,
    "ood_rate": 10.085134250163721,
    "f1_per_class": [
      0.7452657299938913,
      0.466887417218543,
      0.5580357142857143,
      0.6390532544378699,
      0.46601941747572817,
      0.676923076923077,
      0.42857142857142855
    ],
    "cp_coverage": 0.9528487229862476,
    "avg_set_size": 3.673870333988212,
    "singleton_rate": 0.05239030779305828,
    "description": "Model B + GP OOD signal (union) + Conformal Prediction"
  },
  "ablation_analysis": {
    "f1_gain_a_to_b": 0.21988308300641285,
    "ood_gain_b_to_c": 4.584151931892601,
    "cp_coverage_model_c": 0.9528487229862476
  }
}