{
  "coverage": 0.9580877537655533,
  "avg_set_size": 3.6941715782580222,
  "singleton_rate": 0.05304518664047151,
  "class_coverage": {
    "0": 0.9468503937007874,
    "1": 1.0,
    "2": 0.9941860465116279,
    "3": 1.0,
    "4": 0.9791666666666666,
    "5": 0.8620689655172413,
    "6": 0.6
  },
  "q_hat": 0.9844324272515241,
  "alpha": 0.05,
  "per_class_mean_set_size": {
    "nv": 3.6446850393700787,
    "mel": 4.236559139784946,
    "bkl": 3.9302325581395348,
    "bcc": 3.378787878787879,
    "akiec": 3.6666666666666665,
    "vasc": 2.310344827586207,
    "df": 3.2
  },
  "set_size_distribution": {
    "1": 76,
    "2": 244,
    "3": 295,
    "4": 390,
    "5": 476,
    "6": 46
  }
}