{
  "dataset": {
    "total": 10015,
    "train": 6959,
    "val": 1529,
    "test": 1527
  },
  "phase2_baseline": {
    "f1_macro": 0.569,
    "auroc": 0.939,
    "ece": 0.22,
    "backbone": "EfficientNet-B1",
    "batch_size": 16
  },
  "model_a": {
    "f1_macro": 0.3487963511230518,
    "auroc": 0.861567695070624,
    "f1_per_class": [
      0.8571428571428571,
      0.4012539184952978,
      0.3890784982935153,
      0.37037037037037035,
      0.42372881355932207,
      0.0,
      0.0
    ],
    "ood_rate": 4.5841519318926,
    "n_train_gp": 2000,
    "n_features": 104,
    "pca_components": 50,
    "variance_retained": 0.982413649559021,
    "unc_correct": 0.774372320680841,
    "unc_wrong": 1.280643433113179,
    "description": "GLCM+LBP+HSV \u2192 StandardScaler \u2192 PCA(50) \u2192 GP (OVR) + IsoForest"
  },
  "model_b": {
    "f1_macro": 0.5686794341294646,
    "auroc": 0.9164795031215223,
    "ece": 0.08903218430695804,
    "ood_rate": 5.50098231827112,
    "f1_per_class": [
      0.7452657299938913,
      0.466887417218543,
      0.5580357142857143,
      0.6390532544378699,
      0.46601941747572817,
      0.676923076923077,
      0.42857142857142855
    ],
    "unc_correct": 0.0018802207716104786,
    "unc_wrong": 0.0036173983391430023,
    "description": "EfficientNet-B3 + MCDropout + Evidential + Temperature Scaling + Mahalanobis OOD"
  },
  "model_c": {
    "f1_macro": 0.5686794341294646,
    "auroc": 0.9164795031215223,
    "ece": 0.08903218430695804,
    "ood_rate": 10.085134250163721,
    "f1_per_class": [
      0.7452657299938913,
      0.466887417218543,
      0.5580357142857143,
      0.6390532544378699,
      0.46601941747572817,
      0.676923076923077,
      0.42857142857142855
    ],
    "cp_coverage": 0.9528487229862476,
    "avg_set_size": 3.673870333988212,
    "singleton_rate": 0.05239030779305828,
    "description": "Model B + GP OOD signal (union) + Conformal Prediction"
  },
  "temperature_scaling": {
    "T": 1.5000152587890625,
    "ece_before": 0.07994749509029506,
    "ece_after": 0.0886527993595192,
    "reduction_pct": -10.888776764540419
  },
  "mahalanobis_ood": {
    "threshold": 596.1449951171871,
    "false_alarm_rate": 0.05435494433529797,
    "ood_detection_rate": 0.0,
    "ood_auroc": 0.007648984937786511
  },
  "conformal_prediction": {
    "coverage": 0.9580877537655533,
    "avg_set_size": 3.6941715782580222,
    "singleton_rate": 0.05304518664047151,
    "class_coverage": {
      "0": 0.9468503937007874,
      "1": 1.0,
      "2": 0.9941860465116279,
      "3": 1.0,
      "4": 0.9791666666666666,
      "5": 0.8620689655172413,
      "6": 0.6
    },
    "q_hat": 0.9844324272515241,
    "alpha": 0.05,
    "per_class_mean_set_size": {
      "nv": 3.6446850393700787,
      "mel": 4.236559139784946,
      "bkl": 3.9302325581395348,
      "bcc": 3.378787878787879,
      "akiec": 3.6666666666666665,
      "vasc": 2.310344827586207,
      "df": 3.2
    },
    "set_size_distribution": {
      "1": 76,
      "2": 244,
      "3": 295,
      "4": 390,
      "5": 476,
      "6": 46
    }
  },
  "uncertainty_validation": {
    "unc_correct": 0.001945066498592496,
    "unc_wrong": 0.003487691283226013,
    "validated": true
  },
  "class_level_stats": {
    "nv": {
      "n": 1016,
      "accuracy": 0.6072834645669292,
      "unc_correct": 0.0019164455588907003,
      "unc_wrong": 0.0033327697310596704
    },
    "mel": {
      "n": 186,
      "accuracy": 0.7473118279569892,
      "unc_correct": 0.002167662139981985,
      "unc_wrong": 0.004164237063378096
    },
    "bkl": {
      "n": 172,
      "accuracy": 0.7325581395348837,
      "unc_correct": 0.0020236815325915813,
      "unc_wrong": 0.0037262991536408663
    },
    "bcc": {
      "n": 66,
      "accuracy": 0.8333333333333334,
      "unc_correct": 0.0015664191450923681,
      "unc_wrong": 0.0047952053137123585
    },
    "akiec": {
      "n": 48,
      "accuracy": 0.5208333333333334,
      "unc_correct": 0.002238466637209058,
      "unc_wrong": 0.002348231850191951
    },
    "vasc": {
      "n": 29,
      "accuracy": 0.7241379310344828,
      "unc_correct": 0.0013493922306224704,
      "unc_wrong": 0.008199365809559822
    },
    "df": {
      "n": 10,
      "accuracy": 0.5,
      "unc_correct": 0.0018517322605475783,
      "unc_wrong": 0.0028182596433907747
    }
  }
}