{
  "f1_macro": 0.5686794341294646,
  "auroc": 0.9164795031215223,
  "ece": 0.08903218430695804,
  "ood_rate": 5.50098231827112,
  "f1_per_class": [
    0.7452657299938913,
    0.466887417218543,
    0.5580357142857143,
    0.6390532544378699,
    0.46601941747572817,
    0.676923076923077,
    0.42857142857142855
  ],
  "unc_correct": 0.0018802207716104786,
  "unc_wrong": 0.0036173983391430023,
  "description": "EfficientNet-B3 + MCDropout + Evidential + Temperature Scaling + Mahalanobis OOD"
}