{
  "train_loss": [
    0.9773889652320317,
    0.9129702859485205,
    0.90355365919078,
    0.8891610477102517,
    0.8997209238291886,
    0.79475677288073,
    0.773386796773304,
    0.7792519065916264,
    0.7722385884155326,
    0.768950817771771,
    0.7122961165992895,
    0.6903049953384883,
    0.6671439390715366,
    0.645653020539042,
    0.6332840743702128,
    0.6084256619215012,
    0.607356943705115,
    0.609950762327915,
    0.6132819885345099,
    0.5901738104457679,
    0.5890919079978345,
    0.5886004065176309,
    0.5518762090925797,
    0.5285384162985785,
    0.5199985506897149,
    0.5051598342538979,
    0.49970833335741327,
    0.4945978325220846,
    0.4958940545603427,
    0.5260193306386196
  ],
  "val_loss": [
    0.7795644650856653,
    0.8068037883689007,
    0.8406842146068811,
    0.8461485598236322,
    0.784496687973539,
    0.7177231883009275,
    0.7332346886396408,
    0.7315153703093529,
    0.7723635161916415,
    0.7312780131275455,
    0.7274482302988569,
    0.7582190918425719,
    0.6831626752391458,
    0.7537696585059166,
    0.7310938537120819,
    0.7425155714154243,
    0.7099256146078309,
    0.7306276789555947,
    0.7127123391255736,
    0.7360076550394297,
    0.7490701678519448,
    0.7170604545002183,
    0.7047188393771648,
    0.6812712932005525,
    0.7151186034704248,
    0.69302879475678,
    0.7344479939589897,
    0.7217554170638323,
    0.6805362052594622,
    0.7391526006783048
  ],
  "train_f1_macro": [
    0.3097537623558201,
    0.42954455723934964,
    0.45696394462898215,
    0.4735384529803214,
    0.44796273942427034,
    0.5237736935624753,
    0.544538202834684,
    0.5543842885266487,
    0.574105545351972,
    0.5759691645737918,
    0.6203846334296566,
    0.6515323721817871,
    0.6894444182239072,
    0.695814232266471,
    0.6965706170782786,
    0.7311508497395403,
    0.7341904751744278,
    0.7286691340451709,
    0.7202908290873132,
    0.7363641993847256,
    0.7334326424473517,
    0.7449736638157356,
    0.7739829940303814,
    0.7782012722150989,
    0.7785342333417705,
    0.792390913798531,
    0.7999199158796865,
    0.7987537353736923,
    0.8008583709079625,
    0.7811745336170134
  ],
  "val_f1_macro": [
    0.21930536978675796,
    0.29074794911206975,
    0.2644730357117449,
    0.2829151759782402,
    0.3051123192187802,
    0.32967269314963044,
    0.3480692252497451,
    0.3624593839390659,
    0.3426845932354158,
    0.3967274818344248,
    0.4209773286538666,
    0.4555770603477085,
    0.45285614260721097,
    0.4861268072667753,
    0.5001314302415173,
    0.5078575467471589,
    0.5084461028179156,
    0.491763937110993,
    0.5217118236039052,
    0.514892860304659,
    0.47381167969803845,
    0.5191293510026985,
    0.5242004197003439,
    0.5444328909872075,
    0.5360088142988951,
    0.5589998139048521,
    0.5386256760819813,
    0.548545423263352,
    0.5836831008724737,
    0.5448267729768952
  ],
  "train_auroc": [
    0.7782946185882638,
    0.8546501951945539,
    0.8674162078165857,
    0.8735885751015792,
    0.8603795699703009,
    0.8878367991324065,
    0.9032778337445203,
    0.9014890590409312,
    0.9054104130048556,
    0.9082161888022693,
    0.9234197116247176,
    0.9319248322505357,
    0.9426769942882206,
    0.9450790916302779,
    0.9469608557789162,
    0.953261125194392,
    0.9551122989640183,
    0.9530778549171053,
    0.9511644900059765,
    0.9536597984111342,
    0.9544109094760435,
    0.95739174056674,
    0.963418808761652,
    0.9653350151908402,
    0.9665756115591462,
    0.9681583181529868,
    0.9712862413607127,
    0.9707815566168071,
    0.9717601795708032,
    0.9660149980344898
  ],
  "val_auroc": [
    0.8288182331556067,
    0.8530113533884741,
    0.8479884596110254,
    0.856196417805758,
    0.8488251730559655,
    0.8688601735678546,
    0.8791435343448561,
    0.8760703535320189,
    0.8765243227152953,
    0.8905128051865001,
    0.8939921736896836,
    0.9103958434376201,
    0.9168564638593324,
    0.9141606221574506,
    0.9173654090611337,
    0.9153257702357067,
    0.9162439551713267,
    0.9114867800966423,
    0.9157144068500888,
    0.9170865406052455,
    0.9068288695622739,
    0.9177853900607406,
    0.9175042092393131,
    0.9250458897495435,
    0.9213818963652998,
    0.9302581524170296,
    0.9224047538345825,
    0.9200452726140654,
    0.9325527139455655,
    0.9240621698937216
  ],
  "train_focal_loss": [
    0.08893338029920918,
    0.06579019606525448,
    0.061132851365764844,
    0.05782904409404312,
    0.062181360362964566,
    0.05067557215793616,
    0.04615526754100065,
    0.04523269335357344,
    0.04368089567569475,
    0.043475192692559984,
    0.034492978418443336,
    0.03112657014430771,
    0.027420441616833005,
    0.02506186385276354,
    0.02308922664000554,
    0.021025527177983682,
    0.021370536287225062,
    0.02054586008857412,
    0.021909364575331318,
    0.020200907552082623,
    0.02053630728358274,
    0.02033415857315158,
    0.017497003676363348,
    0.01574861399737114,
    0.015935954236809578,
    0.014524856256106482,
    0.013455092390459503,
    0.013413325576047297,
    0.013290571233403574,
    0.016049520803153007
  ],
  "train_ev_loss": [
    1.7769111644837163,
    1.69436017598974,
    1.6848416204826073,
    1.6626640047345842,
    1.6750791270612022,
    1.4881624008104,
    1.4544630600010744,
    1.4680384272529232,
    1.4571153833294794,
    1.4509512503300943,
    1.3556062723359754,
    1.3183568543003452,
    1.2794469945167066,
    1.2411823149100976,
    1.2203896976835718,
    1.1748002718121224,
    1.1719728146555237,
    1.1788098049877975,
    1.1827452497273547,
    1.1399458057594738,
    1.1371112020883691,
    1.136532496884122,
    1.0687584127149274,
    1.025579605646397,
    1.0081251928333863,
    0.9812699557724087,
    0.9725064825489774,
    0.9623690150712493,
    0.96520696710881,
    1.0199396214726884
  ]
}